Stat,League_Average
PER,15
TS%,0.527231539
ORB%,5.40270936
DRB%,14.75935961
TRB%,10.08534483
AST%,12.86847291
TOV%,12.21927409
USG%,18.01440887
