Stat,League_Average
PER,15
TS%,0.562745562
ORB%,5.151693667
DRB%,14.9988218
TRB%,10.07290133
AST%,13.26892489
TOV%,12.58510324
USG%,18.3078056
