Stat,League_Average
PER,15
TS%,0.544321871
ORB%,5.269795918
DRB%,14.61102041
TRB%,9.926258503
AST%,13.68612245
TOV%,12.09931319
USG%,17.87768707
